Description:,This is a peer-review template for course COMP4008-PRG (programming in python).,,
," For each cell marked as ""-- *** --""script, please delete text there and write corresponded  information.",,
,"I will process this file using (python) script. So please write it carefully, I don't want to manually correct it",,
,"If your group has n people, your will need to review (n-1) people (excluding you). You will have (n-1)*10 marks in total that you need to split for you friend.",,
,ignore some lower row(s) if you have less people in your group.,,
,,,
Student username/email,psxxl11,,
Your Name,Xin Li,,
Group Name,Running Bugs,,
,,,
Member 1,alyxl56,15,"Brilliant in programming, but not an excellent leader. Sometimes forces others to do something rather than inspire them."
Member 2,psxtz6,12,
Member 3,psxzs4,9,Shares and teaches me some good stuff
Member 4,psxrz3,8,
Member 5,Dafeng Li,6,
,,,
Member 1,Xiaoxu Liu,,
Member 2,Tingting Zhai,,
Member 3,Zhihua Song,,
Member 4,Rui Zhang,,
Member 5,Dafeng Li,,
